country_id,country_name,powerplant_name,gppd_idnr,capacity_mw,latitude,longitude,primary_fuel_id,primary_fuel,source,url,geolocation_source,generation_gwh_2013,generation_gwh_2014,generation_gwh_2015,generation_gwh_2016,generation_gwh_2017
1,Australia,Albany Wind Farm,AUS0000065,216,-35.0641,117.7977,1,Wind,Australian Renewable Energy Mapping Infrastructure,http://services.ga.gov.au/site_3/rest/services/Electricity_Infrastructure/MapServer,Australian Renewable Energy Mapping Infrastructure,8959527777777780,10264277777777800,9655555555555560,9587277777777780,8590027777777780
1,Australia,Appin (Mine),AUS0000264,556,-34.2082,150.7722,2,Gas,Australian Renewable Energy Mapping Infrastructure,http://services.ga.gov.au/site_3/rest/services/Electricity_Infrastructure/MapServer,Australian Renewable Energy Mapping Infrastructure,20480444444444400,23829444444444400,1635836111111110,15893305555555600,6453472222222220
1,Australia,Awaba,AUS0000049,11,-33.0250,151.5497,3,Waste,Australian Renewable Energy Mapping Infrastructure,http://services.ga.gov.au/site_3/rest/services/Electricity_Infrastructure/MapServer,Australian Renewable Energy Mapping Infrastructure,7655277777777780,8338611111111110,91725,883,8085555555555550
1,Australia,Bairnsdale,AUS0000081,940,-37.8429,147.5639,2,Gas,Australian Renewable Energy Mapping Infrastructure,http://services.ga.gov.au/site_3/rest/services/Electricity_Infrastructure/MapServer,Australian Renewable Energy Mapping Infrastructure,13245666666666700,15488555555555600,14982111111111100,19754055555555600,16852444444444400
1,Australia,Ballarat Base Hospital,AUS0000113,30,-37.5596,143.8469,2,Gas,Australian Renewable Energy Mapping Infrastructure,http://services.ga.gov.au/site_3/rest/services/Electricity_Infrastructure/MapServer,Australian Renewable Energy Mapping Infrastructure,4194444444444440,4213055555555560,5079444444444440,6831388888888890,6663333333333330
1,Australia,Banimboola,AUS0000014,1285,-36.5344,147.4594,4,Hydro,Australian Renewable Energy Mapping Infrastructure,http://services.ga.gov.au/site_3/rest/services/Electricity_Infrastructure/MapServer,Australian Renewable Energy Mapping Infrastructure,11468333333333300,2624138888888890,3808166666666670,47238055555555600,30383333333333300
1,Australia,Barron Gorge,AUS0000151,600,-16.8502,145.6465,4,Hydro,Australian Renewable Energy Mapping Infrastructure,http://services.ga.gov.au/site_3/rest/services/Electricity_Infrastructure/MapServer,Australian Renewable Energy Mapping Infrastructure,1804636111111110,2027461111111110,17372666666666700,10688388888888900,12777027777777800
1,Australia,Bastyan,AUS0000137,799,-41.7360,145.5321,4,Hydro,Australian Renewable Energy Mapping Infrastructure,http://services.ga.gov.au/site_3/rest/services/Electricity_Infrastructure/MapServer,Australian Renewable Energy Mapping Infrastructure,3236777777777780,41891527777777800,3582547222222220,27121166666666700,38479805555555600
1,Australia,Bayswater,AUS0000265,26400,-32.3953,150.9491,5,Coal,Australian Renewable Energy Mapping Infrastructure,http://services.ga.gov.au/site_3/rest/services/Electricity_Infrastructure/MapServer,Australian Renewable Energy Mapping Infrastructure,1659338,155269,1709068,1791493,1594458
1,Australia,Belconnen,AUS0000400,10,-35.2142,148.9872,3,Waste,Australian Renewable Energy Mapping Infrastructure,http://services.ga.gov.au/site_3/rest/services/Electricity_Infrastructure/MapServer,Australian Renewable Energy Mapping Infrastructure,4630277777777780,3885,31008333333333300,2223888888888890,2175
1,Australia,Berwick,AUS0000080,72,-38.1197,145.2665,3,Waste,Australian Renewable Energy Mapping Infrastructure,http://services.ga.gov.au/site_3/rest/services/Electricity_Infrastructure/MapServer,Australian Renewable Energy Mapping Infrastructure,330125,3020916666666670,2416027777777780,18169444444444400,1597861111111110
1,Australia,Bidyadanga,AUS0000382,13,-18.6816,121.7848,6,Oil,Australian Renewable Energy Mapping Infrastructure,http://services.ga.gov.au/site_3/rest/services/Electricity_Infrastructure/MapServer,Australian Renewable Energy Mapping Infrastructure,28466666666666700,29925,29072222222222200,32286111111111100,28983333333333300
1,Australia,Bluff Point (Woolnorth) Wind Farm,AUS0000009,650,-40.7207,144.6869,1,Wind,Australian Renewable Energy Mapping Infrastructure,http://services.ga.gov.au/site_3/rest/services/Electricity_Infrastructure/MapServer,Australian Renewable Energy Mapping Infrastructure,2504438888888890,2762263888888890,24243472222222200,23479861111111100,23033194444444400
1,Australia,Bogong (Mount Beauty Hydro Scheme),AUS0000102,3000,-36.8055,147.2280,4,Hydro,Australian Renewable Energy Mapping Infrastructure,http://services.ga.gov.au/site_3/rest/services/Electricity_Infrastructure/MapServer,Australian Renewable Energy Mapping Infrastructure,8019083333333330,9911944444444440,7414361111111110,7314861111111110,1163325
1,Australia,Braemar 1,AUS0000152,5040,-27.1109,150.9053,2,Gas,Australian Renewable Energy Mapping Infrastructure,http://services.ga.gov.au/site_3/rest/services/Electricity_Infrastructure/MapServer,Australian Renewable Energy Mapping Infrastructure,15491319444444400,16313680555555600,21966580555555600,12640997222222200,6497466666666670
1,Australia,Braemar 2,AUS0000153,5190,-27.1128,150.9049,2,Gas,Australian Renewable Energy Mapping Infrastructure,http://services.ga.gov.au/site_3/rest/services/Electricity_Infrastructure/MapServer,Australian Renewable Energy Mapping Infrastructure,10036286111111100,12361830555555600,26029819444444400,11612019444444400,4604822222222220
1,Australia,Broadmeadows,AUS0000082,122,-37.6878,144.9663,3,Waste,Australian Renewable Energy Mapping Infrastructure,http://services.ga.gov.au/site_3/rest/services/Electricity_Infrastructure/MapServer,Australian Renewable Energy Mapping Infrastructure,25231944444444400,2335333333333330,19281388888888900,175025,17447777777777800
1,Australia,Brooklyn,AUS0000079,283,-37.8180,144.8319,3,Waste,Australian Renewable Energy Mapping Infrastructure,http://services.ga.gov.au/site_3/rest/services/Electricity_Infrastructure/MapServer,Australian Renewable Energy Mapping Infrastructure,2022888888888890,1949,1699861111111110,14432777777777800,12764722222222200
1,Australia,Broome,AUS0000180,396,-17.9810,122.2046,2,Gas,Australian Renewable Energy Mapping Infrastructure,http://services.ga.gov.au/site_3/rest/services/Electricity_Infrastructure/MapServer,Australian Renewable Energy Mapping Infrastructure,14376388888888900,14037555555555600,13491611111111100,14506416666666700,13854722222222200
1,Australia,Browns Plains,AUS0000078,22,-27.6721,153.0663,3,Waste,Australian Renewable Energy Mapping Infrastructure,http://services.ga.gov.au/site_3/rest/services/Electricity_Infrastructure/MapServer,Australian Renewable Energy Mapping Infrastructure,14225555555555600,136975,112175,12756666666666700,13434722222222200
1,Australia,Burrendong,AUS0000300,190,-32.6646,149.1080,4,Hydro,Australian Renewable Energy Mapping Infrastructure,http://services.ga.gov.au/site_3/rest/services/Electricity_Infrastructure/MapServer,Australian Renewable Energy Mapping Infrastructure,43844722222222200,15805277777777800,7618888888888890,6788333333333330,41501666666666700
1,Australia,Burrinjuck Power Station,AUS0000048,270,-35.0025,148.5834,4,Hydro,Australian Renewable Energy Mapping Infrastructure,http://services.ga.gov.au/site_3/rest/services/Electricity_Infrastructure/MapServer,Australian Renewable Energy Mapping Infrastructure,8592888888888890,4101583333333330,8474777777777780,8307222222222220,10696916666666700
1,Australia,Butlers Gorge,AUS0000127,144,-42.2669,146.2618,4,Hydro,Australian Renewable Energy Mapping Infrastructure,http://services.ga.gov.au/site_3/rest/services/Electricity_Infrastructure/MapServer,Australian Renewable Energy Mapping Infrastructure,10186888888888900,6556694444444440,9180583333333330,47056666666666700,9322916666666670
1,Australia,Callide B,AUS0000177,7000,-24.3449,150.6197,5,Coal,Australian Renewable Energy Mapping Infrastructure,http://services.ga.gov.au/site_3/rest/services/Electricity_Infrastructure/MapServer,Australian Renewable Energy Mapping Infrastructure,38935041666666700,28074730555555600,3529535,4296041111111110,47783469444444400
1,Australia,Callide C,AUS0000176,8400,-24.3449,150.6182,5,Coal,Australian Renewable Energy Mapping Infrastructure,http://services.ga.gov.au/site_3/rest/services/Electricity_Infrastructure/MapServer,Australian Renewable Energy Mapping Infrastructure,4585591944444440,31026994444444400,5552424166666670,60355391666666700,54435888888888900
1,Australia,Canunda Wind Farm,AUS0000064,460,-37.7603,140.4033,1,Wind,Australian Renewable Energy Mapping Infrastructure,http://services.ga.gov.au/site_3/rest/services/Electricity_Infrastructure/MapServer,Australian Renewable Energy Mapping Infrastructure,11989972222222200,13099277777777800,12368722222222200,11844888888888900,11798805555555600
1,Australia,Capital Hill Wind Farm,AUS0000047,1400,-35.1660,149.5186,1,Wind,Australian Renewable Energy Mapping Infrastructure,http://services.ga.gov.au/site_3/rest/services/Electricity_Infrastructure/MapServer,Australian Renewable Energy Mapping Infrastructure,35407916666666700,38200888888888900,32894,37051416666666700,3546427777777780
1,Australia,Carnarvon,AUS0000386,150,-24.8692,113.6754,2,Gas,Australian Renewable Energy Mapping Infrastructure,http://services.ga.gov.au/site_3/rest/services/Electricity_Infrastructure/MapServer,Australian Renewable Energy Mapping Infrastructure,4904416666666670,47908055555555600,4608027777777780,44690555555555600,4124111111111110
1,Australia,Catagunya,AUS0000126,480,-42.4524,146.5977,4,Hydro,Australian Renewable Energy Mapping Infrastructure,http://services.ga.gov.au/site_3/rest/services/Electricity_Infrastructure/MapServer,Australian Renewable Energy Mapping Infrastructure,22252277777777800,26453,21717333333333300,2236161111111110,22442111111111100
1,Australia,Cathedral Rocks Wind Farm,AUS0000063,660,-34.8509,135.5852,1,Wind,Australian Renewable Energy Mapping Infrastructure,http://services.ga.gov.au/site_3/rest/services/Electricity_Infrastructure/MapServer,Australian Renewable Energy Mapping Infrastructure,17761388888888900,19877444444444400,17233916666666700,17123,15318777777777800
1,Australia,Cethana,AUS0000144,850,-41.4806,146.1343,4,Hydro,Australian Renewable Energy Mapping Infrastructure,http://services.ga.gov.au/site_3/rest/services/Electricity_Infrastructure/MapServer,Australian Renewable Energy Mapping Infrastructure,3462808333333330,45666,24187777777777800,16982638888888900,4139902777777780
1,Australia,Challicum Hills Wind Farm,AUS0000006,525,-37.3893,143.1123,1,Wind,Australian Renewable Energy Mapping Infrastructure,http://services.ga.gov.au/site_3/rest/services/Electricity_Infrastructure/MapServer,Australian Renewable Energy Mapping Infrastructure,13670027777777800,15239583333333300,13542583333333300,13662,12716222222222200
1,Australia,Channel Island,AUS0000261,3100,-12.5550,130.8666,2,Gas,Australian Renewable Energy Mapping Infrastructure,http://services.ga.gov.au/site_3/rest/services/Electricity_Infrastructure/MapServer,Australian Renewable Energy Mapping Infrastructure,10407402777777800,10680919444444400,9780472222222220,10684391666666700,10394716666666700
1,Australia,Claytons,AUS0000083,110,-37.9502,145.1187,3,Waste,Australian Renewable Energy Mapping Infrastructure,http://services.ga.gov.au/site_3/rest/services/Electricity_Infrastructure/MapServer,Australian Renewable Energy Mapping Infrastructure,8448555555555550,7850861111111110,8064305555555550,7536555555555560,7816666666666670
1,Australia,Clements Gap Wind Farm,AUS0000025,570,-33.5086,138.1192,1,Wind,Australian Renewable Energy Mapping Infrastructure,http://services.ga.gov.au/site_3/rest/services/Electricity_Infrastructure/MapServer,Australian Renewable Energy Mapping Infrastructure,16901361111111100,1822225,17102305555555600,1754675,1607275
1,Australia,Clover,AUS0000103,300,-36.7853,147.2205,4,Hydro,Australian Renewable Energy Mapping Infrastructure,http://services.ga.gov.au/site_3/rest/services/Electricity_Infrastructure/MapServer,Australian Renewable Energy Mapping Infrastructure,4793388888888890,5742388888888890,4204666666666670,4570444444444440,7097527777777780
1,Australia,Cluny,AUS0000125,170,-42.5064,146.6812,4,Hydro,Australian Renewable Energy Mapping Infrastructure,http://services.ga.gov.au/site_3/rest/services/Electricity_Infrastructure/MapServer,Australian Renewable Energy Mapping Infrastructure,7683222222222220,9414,8142805555555560,7503861111111110,6245111111111110
1,Australia,Cockburn,AUS0000183,2400,-32.2001,115.7737,2,Gas,Australian Renewable Energy Mapping Infrastructure,http://services.ga.gov.au/site_3/rest/services/Electricity_Infrastructure/MapServer,Australian Renewable Energy Mapping Infrastructure,49662416666666700,11224647222222200,65815,6381805555555550,36393055555555600
1,Australia,Collgar Wind Farm,AUS0000307,2060,-31.5432,118.4566,1,Wind,Australian Renewable Energy Mapping Infrastructure,http://services.ga.gov.au/site_3/rest/services/Electricity_Infrastructure/MapServer,Australian Renewable Energy Mapping Infrastructure,6055608333333330,6966516666666670,7128902777777780,6707066666666670,6963058333333330
1,Australia,Collie A,AUS0000208,3400,-33.3422,116.2612,5,Coal,Australian Renewable Energy Mapping Infrastructure,http://services.ga.gov.au/site_3/rest/services/Electricity_Infrastructure/MapServer,Australian Renewable Energy Mapping Infrastructure,2362073611111110,19559258333333300,22393880555555600,22724725,22307633333333300
1,Australia,Colongra,AUS0000271,7240,-33.2099,151.5448,2,Gas,Australian Renewable Energy Mapping Infrastructure,http://services.ga.gov.au/site_3/rest/services/Electricity_Infrastructure/MapServer,Australian Renewable Energy Mapping Infrastructure,19173055555555600,13840555555555600,7179638888888890,28942222222222200,14008333333333300
1,Australia,Condamine A,AUS0000154,1440,-26.6682,150.2700,2,Gas,Australian Renewable Energy Mapping Infrastructure,http://services.ga.gov.au/site_3/rest/services/Electricity_Infrastructure/MapServer,Australian Renewable Energy Mapping Infrastructure,5731630555555550,6179230555555560,7651002777777780,7235783333333330,9607911111111110
1,Australia,Copeton,AUS0000301,240,-29.9102,150.9235,4,Hydro,Australian Renewable Energy Mapping Infrastructure,http://services.ga.gov.au/site_3/rest/services/Electricity_Infrastructure/MapServer,Australian Renewable Energy Mapping Infrastructure,4045944444444440,4693083333333330,38829166666666700,12689444444444400,28087222222222200
1,Australia,Cullerin Range Wind Farm,AUS0000003,300,-34.8050,149.4001,1,Wind,Australian Renewable Energy Mapping Infrastructure,http://services.ga.gov.au/site_3/rest/services/Electricity_Infrastructure/MapServer,Australian Renewable Energy Mapping Infrastructure,9956388888888890,10662611111111100,9046694444444440,10217805555555600,4645277777777780
1,Australia,Daandine,AUS0000155,330,-27.0863,150.9430,2,Gas,Australian Renewable Energy Mapping Infrastructure,http://services.ga.gov.au/site_3/rest/services/Electricity_Infrastructure/MapServer,Australian Renewable Energy Mapping Infrastructure,21201,23954,0,25928583333333300,24925472222222200
1,Australia,Darling Downs,AUS0000156,6440,-27.1169,150.8942,2,Gas,Australian Renewable Energy Mapping Infrastructure,http://services.ga.gov.au/site_3/rest/services/Electricity_Infrastructure/MapServer,Australian Renewable Energy Mapping Infrastructure,28814080555555600,33228125,4337818611111110,3674545,33429466666666700
1,Australia,Dartmouth (Mount Beauty Hydro Scheme),AUS0000109,1500,-36.5564,147.5206,4,Hydro,Australian Renewable Energy Mapping Infrastructure,http://services.ga.gov.au/site_3/rest/services/Electricity_Infrastructure/MapServer,Australian Renewable Energy Mapping Infrastructure,17860444444444400,3575444444444440,44669138888888900,50808444444444400,44397777777777800
1,Australia,Derby,AUS0000366,1253,-17.3141,123.6441,2,Gas,Australian Renewable Energy Mapping Infrastructure,http://services.ga.gov.au/site_3/rest/services/Electricity_Infrastructure/MapServer,Australian Renewable Energy Mapping Infrastructure,38385555555555600,3807388888888890,3576083333333330,37454166666666700,34239444444444400
1,Australia,Devils Gate,AUS0000136,600,-41.3505,146.2632,4,Hydro,Australian Renewable Energy Mapping Infrastructure,http://services.ga.gov.au/site_3/rest/services/Electricity_Infrastructure/MapServer,Australian Renewable Energy Mapping Infrastructure,24781472222222200,3194211111111110,2616947222222220,22621138888888900,2872163888888890
1,Australia,Dry Creek,AUS0000233,1560,-34.8475,138.5818,2,Gas,Australian Renewable Energy Mapping Infrastructure,http://services.ga.gov.au/site_3/rest/services/Electricity_Infrastructure/MapServer,Australian Renewable Energy Mapping Infrastructure,6722222222222220,29233333333333300,4886388888888890,6196944444444440,9695
1,Australia,Eastern Creek,AUS0000045,54,-33.8142,150.8537,3,Waste,Australian Renewable Energy Mapping Infrastructure,http://services.ga.gov.au/site_3/rest/services/Electricity_Infrastructure/MapServer,Australian Renewable Energy Mapping Infrastructure,20566111111111100,18075,16235833333333300,12092777777777800,12046111111111100
1,Australia,Eastern Creek 2,AUS0000044,8984,-33.8125,150.8617,3,Waste,Australian Renewable Energy Mapping Infrastructure,http://services.ga.gov.au/site_3/rest/services/Electricity_Infrastructure/MapServer,Australian Renewable Energy Mapping Infrastructure,6148694444444440,6480694444444440,6361638888888890,6298361111111110,6097527777777780
1,Australia,Eildon,AUS0000084,1200,-37.2220,145.9215,4,Hydro,Australian Renewable Energy Mapping Infrastructure,http://services.ga.gov.au/site_3/rest/services/Electricity_Infrastructure/MapServer,Australian Renewable Energy Mapping Infrastructure,2669038888888890,18437027777777800,19731694444444400,15318444444444400,10296083333333300
1,Australia,Eildon Small Hydro,AUS0000335,50,-37.2431,145.8974,4,Hydro,Australian Renewable Energy Mapping Infrastructure,http://services.ga.gov.au/site_3/rest/services/Electricity_Infrastructure/MapServer,Australian Renewable Energy Mapping Infrastructure,18529722222222200,1207,14727777777777800,12632222222222200,8516944444444440
1,Australia,Emu Downs Wind Farm,AUS0000043,792,-30.4882,115.3768,1,Wind,Australian Renewable Energy Mapping Infrastructure,http://services.ga.gov.au/site_3/rest/services/Electricity_Infrastructure/MapServer,Australian Renewable Energy Mapping Infrastructure,22646444444444400,24158305555555600,25384777777777800,2264738888888890,2588236111111110
1,Australia,Eraring,AUS0000306,28800,-33.0621,151.5206,5,Coal,Australian Renewable Energy Mapping Infrastructure,http://services.ga.gov.au/site_3/rest/services/Electricity_Infrastructure/MapServer,Australian Renewable Energy Mapping Infrastructure,11393210555555600,9300379166666670,14316478888888900,14631565,14993468888888900
1,Australia,Esperance,AUS0000186,330,-33.8762,121.8998,2,Gas,Australian Renewable Energy Mapping Infrastructure,http://services.ga.gov.au/site_3/rest/services/Electricity_Infrastructure/MapServer,Australian Renewable Energy Mapping Infrastructure,7672583333333330,76345,7550944444444440,7681388888888890,7705583333333330
1,Australia,Exmouth,AUS0000372,80,-21.9465,114.1250,2,Gas,Australian Renewable Energy Mapping Infrastructure,http://services.ga.gov.au/site_3/rest/services/Electricity_Infrastructure/MapServer,Australian Renewable Energy Mapping Infrastructure,25103055555555600,24860277777777800,2273611111111110,2381138888888890,2379111111111110
1,Australia,Fisher,AUS0000135,432,-41.6732,146.2687,4,Hydro,Australian Renewable Energy Mapping Infrastructure,http://services.ga.gov.au/site_3/rest/services/Electricity_Infrastructure/MapServer,Australian Renewable Energy Mapping Infrastructure,20570222222222200,24183138888888900,12796666666666700,16517444444444400,23756944444444400
1,Australia,Fitzroy Crossing,AUS0000367,406,-18.1956,125.5597,2,Gas,Australian Renewable Energy Mapping Infrastructure,http://services.ga.gov.au/site_3/rest/services/Electricity_Infrastructure/MapServer,Australian Renewable Energy Mapping Infrastructure,15048333333333300,14546944444444400,14462777777777800,14801944444444400,1417361111111110
1,Australia,German Creek,AUS0000157,452,-22.9281,148.5515,2,Gas,Australian Renewable Energy Mapping Infrastructure,http://services.ga.gov.au/site_3/rest/services/Electricity_Infrastructure/MapServer,Australian Renewable Energy Mapping Infrastructure,248355,30560777777777800,30596305555555600,3230588888888890,31978555555555600
1,Australia,Gladstone,AUS0000158,16800,-23.8508,151.2187,5,Coal,Australian Renewable Energy Mapping Infrastructure,http://services.ga.gov.au/site_3/rest/services/Electricity_Infrastructure/MapServer,Australian Renewable Energy Mapping Infrastructure,6251809444444440,6837605277777780,6482464166666670,6900339444444440,666261
1,Australia,Glenbawn,AUS0000275,58,-32.1097,150.9982,4,Hydro,Australian Renewable Energy Mapping Infrastructure,http://services.ga.gov.au/site_3/rest/services/Electricity_Infrastructure/MapServer,Australian Renewable Energy Mapping Infrastructure,21597222222222200,6454722222222220,11737222222222200,9075833333333330,41433333333333300
1,Australia,Glennies Creek,AUS0000276,130,-32.4598,151.1286,2,Gas,Australian Renewable Energy Mapping Infrastructure,http://services.ga.gov.au/site_3/rest/services/Electricity_Infrastructure/MapServer,Australian Renewable Energy Mapping Infrastructure,8130916666666670,8312416666666670,9071888888888890,9378305555555560,7862416666666670
1,Australia,Glenorchy,AUS0000418,16,-42.8415,147.2550,3,Waste,Australian Renewable Energy Mapping Infrastructure,http://services.ga.gov.au/site_3/rest/services/Electricity_Infrastructure/MapServer,Australian Renewable Energy Mapping Infrastructure,1172888888888890,11214722222222200,11976944444444400,11052222222222200,9491944444444440
1,Australia,Gordon,AUS0000143,4320,-42.7405,145.9828,4,Hydro,Australian Renewable Energy Mapping Infrastructure,http://services.ga.gov.au/site_3/rest/services/Electricity_Infrastructure/MapServer,Australian Renewable Energy Mapping Infrastructure,18274372222222200,27393077777777800,10617811111111100,1389868888888890,4033986111111110
1,Australia,Gunning,AUS0000040,470,-34.6977,149.3861,1,Wind,Australian Renewable Energy Mapping Infrastructure,http://services.ga.gov.au/site_3/rest/services/Electricity_Infrastructure/MapServer,Australian Renewable Energy Mapping Infrastructure,16539,1729386111111110,15769972222222200,16534277777777800,15624583333333300
1,Australia,Hallet 5 - The Bluff,AUS0000454,525,-33.3855,138.7928,1,Wind,Australian Renewable Energy Mapping Infrastructure,http://services.ga.gov.au/site_3/rest/services/Electricity_Infrastructure/MapServer,Australian Renewable Energy Mapping Infrastructure,15024055555555600,16777277777777800,13584694444444400,15001222222222200,12229805555555600
1,Australia,Hallett,AUS0000250,2283,-33.3487,138.7517,2,Gas,Australian Renewable Energy Mapping Infrastructure,http://services.ga.gov.au/site_3/rest/services/Electricity_Infrastructure/MapServer,Australian Renewable Energy Mapping Infrastructure,5881916666666670,3394694444444440,222875,3332944444444440,4625333333333330
1,Australia,Hallett 1 Brown Hill  Wind Farm,AUS0000453,945,-33.3950,138.7299,1,Wind,Australian Renewable Energy Mapping Infrastructure,http://services.ga.gov.au/site_3/rest/services/Electricity_Infrastructure/MapServer,Australian Renewable Energy Mapping Infrastructure,3316766666666670,35890694444444400,31574111111111100,32241805555555600,28559777777777800
1,Australia,Hallett 2 Hallet Hill  Wind Farm,AUS0000455,714,-33.5717,138.8580,1,Wind,Australian Renewable Energy Mapping Infrastructure,http://services.ga.gov.au/site_3/rest/services/Electricity_Infrastructure/MapServer,Australian Renewable Energy Mapping Infrastructure,2562275,2686691666666670,23847666666666700,24915916666666700,22457722222222200
1,Australia,Halls Creek,AUS0000368,369,-18.2328,127.6619,2,Gas,Australian Renewable Energy Mapping Infrastructure,http://services.ga.gov.au/site_3/rest/services/Electricity_Infrastructure/MapServer,Australian Renewable Energy Mapping Infrastructure,12089166666666700,11525277777777800,11454722222222200,119675,11465277777777800
1,Australia,Hazelwood,AUS0000087,16000,-38.2731,146.3923,5,Coal,Australian Renewable Energy Mapping Infrastructure,http://services.ga.gov.au/site_3/rest/services/Electricity_Infrastructure/MapServer,Australian Renewable Energy Mapping Infrastructure,11483098055555600,1108742888888890,109694225,10325778333333300,77002075
1,Australia,Hobart,AUS0000419,10,-42.8883,147.2888,3,Waste,Australian Renewable Energy Mapping Infrastructure,http://services.ga.gov.au/site_3/rest/services/Electricity_Infrastructure/MapServer,Australian Renewable Energy Mapping Infrastructure,6362777777777780,5271944444444440,7603888888888890,39119444444444400,24716666666666700
1,Australia,Hume,AUS0000076,700,-36.1066,147.0326,4,Hydro,Australian Renewable Energy Mapping Infrastructure,http://services.ga.gov.au/site_3/rest/services/Electricity_Infrastructure/MapServer,Australian Renewable Energy Mapping Infrastructure,23894944444444400,3497222222222220,20973638888888900,18165722222222200,25567694444444400
1,Australia,Hunter Valley,AUS0000278,500,-32.3893,150.9664,2,Gas,Australian Renewable Energy Mapping Infrastructure,http://services.ga.gov.au/site_3/rest/services/Electricity_Infrastructure/MapServer,Australian Renewable Energy Mapping Infrastructure,3647222222222220,18777777777777800,3163888888888890,11327777777777800,6419444444444440
1,Australia,Jacks Gully,AUS0000039,23,-34.0734,150.7427,3,Waste,Australian Renewable Energy Mapping Infrastructure,http://services.ga.gov.au/site_3/rest/services/Electricity_Infrastructure/MapServer,Australian Renewable Energy Mapping Infrastructure,16415277777777800,15978055555555600,15657222222222200,14524444444444400,13168888888888900
1,Australia,John Butters,AUS0000134,1440,-42.1548,145.5345,4,Hydro,Australian Renewable Energy Mapping Infrastructure,http://services.ga.gov.au/site_3/rest/services/Electricity_Infrastructure/MapServer,Australian Renewable Energy Mapping Infrastructure,5873741666666670,6364144444444440,49069944444444400,3734716666666670,7376419444444440
1,Australia,Kalamunda,AUS0000329,13,-31.9768,115.9988,6,Oil,Australian Renewable Energy Mapping Infrastructure,http://services.ga.gov.au/site_3/rest/services/Electricity_Infrastructure/MapServer,Australian Renewable Energy Mapping Infrastructure,33333333333333300,5,5555555555555560,16666666666666700,21944444444444400
1,Australia,Kalbarri Wind Farm,AUS0000405,17,-27.8995,114.1946,1,Wind,Australian Renewable Energy Mapping Infrastructure,http://services.ga.gov.au/site_3/rest/services/Electricity_Infrastructure/MapServer,Australian Renewable Energy Mapping Infrastructure,4647777777777780,3732222222222220,4205555555555560,38405555555555600,4008055555555560
1,Australia,Kalgoorlie (Parkeston),AUS0000188,1100,-30.7378,121.5065,2,Gas,Australian Renewable Energy Mapping Infrastructure,http://services.ga.gov.au/site_3/rest/services/Electricity_Infrastructure/MapServer,Australian Renewable Energy Mapping Infrastructure,2652,2144413888888890,16166055555555600,2167913888888890,25581861111111100
1,Australia,Kalgoorlie Nickel Smelter,AUS0000209,420,-30.8737,121.4842,2,Gas,Australian Renewable Energy Mapping Infrastructure,http://services.ga.gov.au/site_3/rest/services/Electricity_Infrastructure/MapServer,Australian Renewable Energy Mapping Infrastructure,3965,15686111111111100,18719444444444400,17669444444444400,34305555555555600
1,Australia,Kambalda,AUS0000210,420,-31.1919,121.6741,2,Gas,Australian Renewable Energy Mapping Infrastructure,http://services.ga.gov.au/site_3/rest/services/Electricity_Infrastructure/MapServer,Australian Renewable Energy Mapping Infrastructure,2769975,2179963888888890,1810197222222220,23245277777777800,25955611111111100
1,Australia,Kareeya,AUS0000161,880,-17.7670,145.5779,4,Hydro,Australian Renewable Energy Mapping Infrastructure,http://services.ga.gov.au/site_3/rest/services/Electricity_Infrastructure/MapServer,Australian Renewable Energy Mapping Infrastructure,4715858333333330,5979138888888890,4483927777777780,2950736111111110,48780333333333300
1,Australia,Karratha,AUS0000189,860,-20.7626,116.8375,2,Gas,Australian Renewable Energy Mapping Infrastructure,http://services.ga.gov.au/site_3/rest/services/Electricity_Infrastructure/MapServer,Australian Renewable Energy Mapping Infrastructure,4935102777777780,4465397222222220,474165,4520519444444440,34547055555555600
1,Australia,Katherine,AUS0000259,347,-14.4587,132.2445,2,Gas,Australian Renewable Energy Mapping Infrastructure,http://services.ga.gov.au/site_3/rest/services/Electricity_Infrastructure/MapServer,Australian Renewable Energy Mapping Infrastructure,33314166666666700,18738055555555600,15546111111111100,11247222222222200,24293333333333300
1,Australia,Kogan Creek,AUS0000162,7440,-26.9177,150.7493,5,Coal,Australian Renewable Energy Mapping Infrastructure,http://services.ga.gov.au/site_3/rest/services/Electricity_Infrastructure/MapServer,Australian Renewable Energy Mapping Infrastructure,5696316111111110,5292296111111110,573149,4478062777777780,5924063888888890
1,Australia,Kwinana Cogeneration,AUS0000193,1230,-32.2225,115.7661,2,Gas,Australian Renewable Energy Mapping Infrastructure,http://services.ga.gov.au/site_3/rest/services/Electricity_Infrastructure/MapServer,Australian Renewable Energy Mapping Infrastructure,811845,8842316666666670,8922663888888890,8780797222222220,854565
1,Australia,Kwinana NewGen,AUS0000196,3200,-32.2020,115.7728,2,Gas,Australian Renewable Energy Mapping Infrastructure,http://services.ga.gov.au/site_3/rest/services/Electricity_Infrastructure/MapServer,Australian Renewable Energy Mapping Infrastructure,17910088888888900,19970055555555600,21528866666666700,19320355555555600,21596969444444400
1,Australia,Ladbroke Grove,AUS0000244,800,-37.4567,140.7827,2,Gas,Australian Renewable Energy Mapping Infrastructure,http://services.ga.gov.au/site_3/rest/services/Electricity_Infrastructure/MapServer,Australian Renewable Energy Mapping Infrastructure,9168388888888890,23132194444444400,1844061111111110,20439083333333300,21114666666666700
1,Australia,Lake Bonney Stage 2 Wind Farm,AUS0000062,1590,-37.8149,140.4195,1,Wind,Australian Renewable Energy Mapping Infrastructure,http://services.ga.gov.au/site_3/rest/services/Electricity_Infrastructure/MapServer,Australian Renewable Energy Mapping Infrastructure,6735808333333330,7281808333333330,6883136111111110,6650408333333330,6667163888888890
1,Australia,Lake Echo,AUS0000124,324,-42.2537,146.6207,4,Hydro,Australian Renewable Energy Mapping Infrastructure,http://services.ga.gov.au/site_3/rest/services/Electricity_Infrastructure/MapServer,Australian Renewable Energy Mapping Infrastructure,9981666666666670,9300638888888890,3355416666666670,10505638888888900,5387888888888890
1,Australia,Lake Glenmaggie,AUS0000086,40,-37.9047,146.8011,4,Hydro,Australian Renewable Energy Mapping Infrastructure,http://services.ga.gov.au/site_3/rest/services/Electricity_Infrastructure/MapServer,Australian Renewable Energy Mapping Infrastructure,7985,5456944444444440,6778888888888890,5010277777777780,1022861111111110
1,Australia,Lake William Hovell,AUS0000099,20,-36.9129,146.3921,4,Hydro,Australian Renewable Energy Mapping Infrastructure,http://services.ga.gov.au/site_3/rest/services/Electricity_Infrastructure/MapServer,Australian Renewable Energy Mapping Infrastructure,39608333333333300,4841666666666670,29608333333333300,27641666666666700,5466666666666670
1,Australia,Laverton,AUS0000371,15,-28.6216,122.3965,6,Oil,Australian Renewable Energy Mapping Infrastructure,http://services.ga.gov.au/site_3/rest/services/Electricity_Infrastructure/MapServer,Australian Renewable Energy Mapping Infrastructure,4722222222222220,35469444444444400,38402777777777800,35658333333333300,3642777777777780
1,Australia,Laverton North,AUS0000090,3120,-37.8416,144.7887,2,Gas,Australian Renewable Energy Mapping Infrastructure,http://services.ga.gov.au/site_3/rest/services/Electricity_Infrastructure/MapServer,Australian Renewable Energy Mapping Infrastructure,14818888888888900,15807777777777800,11441666666666700,2243138888888890,7952083333333330
1,Australia,Leinster Nickel Mine,AUS0000212,590,-27.8141,120.6990,2,Gas,Australian Renewable Energy Mapping Infrastructure,http://services.ga.gov.au/site_3/rest/services/Electricity_Infrastructure/MapServer,Australian Renewable Energy Mapping Infrastructure,31680444444444400,3025083333333330,2808511111111110,29587111111111100,31384277777777800
1,Australia,Lemonthyme,AUS0000132,816,-41.6038,146.1390,4,Hydro,Australian Renewable Energy Mapping Infrastructure,http://services.ga.gov.au/site_3/rest/services/Electricity_Infrastructure/MapServer,Australian Renewable Energy Mapping Infrastructure,2503386111111110,30454555555555600,2573525,22509944444444400,28653833333333300
1,Australia,Leonora,AUS0000409,443,-28.8811,121.3213,2,Gas,Australian Renewable Energy Mapping Infrastructure,http://services.ga.gov.au/site_3/rest/services/Electricity_Infrastructure/MapServer,Australian Renewable Energy Mapping Infrastructure,117175,9833055555555560,888888888888889,8509722222222220,8414166666666670
1,Australia,Liapootah,AUS0000123,873,-42.3763,146.5099,4,Hydro,Australian Renewable Energy Mapping Infrastructure,http://services.ga.gov.au/site_3/rest/services/Electricity_Infrastructure/MapServer,Australian Renewable Energy Mapping Infrastructure,43881444444444400,5024580555555560,41434527777777800,38096972222222200,4351383333333330
1,Australia,Liddell,AUS0000280,22000,-32.3713,150.9776,5,Coal,Australian Renewable Energy Mapping Infrastructure,http://services.ga.gov.au/site_3/rest/services/Electricity_Infrastructure/MapServer,Australian Renewable Energy Mapping Infrastructure,6577395555555560,7365723055555550,8068462222222220,7955425555555560,9510035555555560
1,Australia,Lower Lake Margaret,AUS0000131,32,-42.0147,145.5261,4,Hydro,Australian Renewable Energy Mapping Infrastructure,http://services.ga.gov.au/site_3/rest/services/Electricity_Infrastructure/MapServer,Australian Renewable Energy Mapping Infrastructure,1646611111111110,8528611111111110,5676388888888890,15410277777777800,14689444444444400
1,Australia,Loy Yang A,AUS0000092,21800,-38.2536,146.5746,5,Coal,Australian Renewable Energy Mapping Infrastructure,http://services.ga.gov.au/site_3/rest/services/Electricity_Infrastructure/MapServer,Australian Renewable Energy Mapping Infrastructure,16268610833333300,16099330277777800,16226412222222200,15715546666666700,15885288055555600
1,Australia,Loy Yang B,AUS0000075,10000,-38.2564,146.5864,5,Coal,Australian Renewable Energy Mapping Infrastructure,http://services.ga.gov.au/site_3/rest/services/Electricity_Infrastructure/MapServer,Australian Renewable Energy Mapping Infrastructure,8591400833333330,7307038055555560,8622021111111110,8451503055555550,8572255555555550
1,Australia,Lucas Heights I,AUS0000037,539,-34.0293,151.0021,3,Waste,Australian Renewable Energy Mapping Infrastructure,http://services.ga.gov.au/site_3/rest/services/Electricity_Infrastructure/MapServer,Australian Renewable Energy Mapping Infrastructure,3139527777777780,23338333333333300,22753055555555600,14752222222222200,16261666666666700
1,Australia,Lucas Heights II,AUS0000036,160,-34.0481,150.9739,3,Waste,Australian Renewable Energy Mapping Infrastructure,http://services.ga.gov.au/site_3/rest/services/Electricity_Infrastructure/MapServer,Australian Renewable Energy Mapping Infrastructure,9420333333333330,1022761111111110,10090833333333300,10231583333333300,9716305555555560
1,Australia,Macarthur Wind Farm,AUS0000417,4200,-38.0075,142.1865,1,Wind,Australian Renewable Energy Mapping Infrastructure,http://services.ga.gov.au/site_3/rest/services/Electricity_Infrastructure/MapServer,Australian Renewable Energy Mapping Infrastructure,5776252777777780,10662675,9971522222222220,10067011111111100,8940766666666670
1,Australia,Mackay,AUS0000146,300,-21.1446,149.1591,2,Gas,Australian Renewable Energy Mapping Infrastructure,http://services.ga.gov.au/site_3/rest/services/Electricity_Infrastructure/MapServer,Australian Renewable Energy Mapping Infrastructure,5833333333333330,11944444444444400,29138888888888900,32222222222222200,39
1,Australia,Mackintosh,AUS0000142,799,-41.6997,145.6461,4,Hydro,Australian Renewable Energy Mapping Infrastructure,http://services.ga.gov.au/site_3/rest/services/Electricity_Infrastructure/MapServer,Australian Renewable Energy Mapping Infrastructure,31424888888888900,4219738888888890,34108972222222200,26956138888888900,40321555555555600
1,Australia,McArthur River Mine,AUS0000424,780,-16.4335,136.0935,2,Gas,Australian Renewable Energy Mapping Infrastructure,http://services.ga.gov.au/site_3/rest/services/Electricity_Infrastructure/MapServer,Australian Renewable Energy Mapping Infrastructure,15993333333333300,17960444444444400,2857841666666670,2609147222222220,24770388888888900
1,Australia,McKay Creek (Mount Beauty Hydro Scheme),AUS0000104,1500,-36.8584,147.2345,4,Hydro,Australian Renewable Energy Mapping Infrastructure,http://services.ga.gov.au/site_3/rest/services/Electricity_Infrastructure/MapServer,Australian Renewable Energy Mapping Infrastructure,10075888888888900,1208313888888890,882088888888889,8775472222222220,13943416666666700
1,Australia,Meadowbank,AUS0000122,400,-42.6112,146.8457,4,Hydro,Australian Renewable Energy Mapping Infrastructure,http://services.ga.gov.au/site_3/rest/services/Electricity_Infrastructure/MapServer,Australian Renewable Energy Mapping Infrastructure,16198777777777800,2108113888888890,4414805555555560,10296777777777800,1842302777777780
1,Australia,Meekatharra,AUS0000408,29,-26.5952,118.4830,6,Oil,Australian Renewable Energy Mapping Infrastructure,http://services.ga.gov.au/site_3/rest/services/Electricity_Infrastructure/MapServer,Australian Renewable Energy Mapping Infrastructure,7711944444444440,7876666666666670,6495,7738611111111110,7638055555555560
1,Australia,Mica Creek,AUS0000446,3250,-20.7777,139.4905,2,Gas,Australian Renewable Energy Mapping Infrastructure,http://services.ga.gov.au/site_3/rest/services/Electricity_Infrastructure/MapServer,Australian Renewable Energy Mapping Infrastructure,17762222222222200,15707702777777800,6434019444444440,19722666666666700,5021944444444440
1,Australia,Millmerran,AUS0000163,8560,-27.9615,151.2789,5,Coal,Australian Renewable Energy Mapping Infrastructure,http://services.ga.gov.au/site_3/rest/services/Electricity_Infrastructure/MapServer,Australian Renewable Energy Mapping Infrastructure,707706,66689158333333300,6629263888888890,6653693333333330,66085569444444400
1,Australia,Mintaro,AUS0000249,900,-33.9031,138.7383,2,Gas,Australian Renewable Energy Mapping Infrastructure,http://services.ga.gov.au/site_3/rest/services/Electricity_Infrastructure/MapServer,Australian Renewable Energy Mapping Infrastructure,12274444444444400,7968055555555560,7133611111111110,13053333333333300,29628611111111100
1,Australia,Moranbah,AUS0000164,1256,-21.9851,148.0246,2,Gas,Australian Renewable Energy Mapping Infrastructure,http://services.ga.gov.au/site_3/rest/services/Electricity_Infrastructure/MapServer,Australian Renewable Energy Mapping Infrastructure,67695,6663305555555560,23031111111111100,3630361111111110,8345416666666670
1,Australia,Moranbah North,AUS0000054,457,-21.8967,147.9507,2,Gas,Australian Renewable Energy Mapping Infrastructure,http://services.ga.gov.au/site_3/rest/services/Electricity_Infrastructure/MapServer,Australian Renewable Energy Mapping Infrastructure,3218525,3176022222222220,4394063888888890,4662394444444440,4902294444444440
1,Australia,Mornington,AUS0000093,10,-38.3916,144.8553,3,Waste,Australian Renewable Energy Mapping Infrastructure,http://services.ga.gov.au/site_3/rest/services/Electricity_Infrastructure/MapServer,Australian Renewable Energy Mapping Infrastructure,43180555555555600,5294444444444440,5711111111111110,6322777777777780,6338055555555560
1,Australia,Mortlake,AUS0000108,5660,-38.0632,142.6675,2,Gas,Australian Renewable Energy Mapping Infrastructure,http://services.ga.gov.au/site_3/rest/services/Electricity_Infrastructure/MapServer,Australian Renewable Energy Mapping Infrastructure,1709266111111110,16734494444444400,11634769444444400,4870838888888890,11029175
1,Australia,Mortons Lane Wind Farm,AUS0000492,200,-37.8413,142.4653,1,Wind,Australian Renewable Energy Mapping Infrastructure,http://services.ga.gov.au/site_3/rest/services/Electricity_Infrastructure/MapServer,Australian Renewable Energy Mapping Infrastructure,3320027777777780,6894027777777780,62304722222222200,61166666666666700,60945277777777800
1,Australia,Mount Keith Nickel Mine,AUS0000213,1120,-27.2146,120.5480,2,Gas,Australian Renewable Energy Mapping Infrastructure,http://services.ga.gov.au/site_3/rest/services/Electricity_Infrastructure/MapServer,Australian Renewable Energy Mapping Infrastructure,3869952777777780,35573805555555600,30724055555555600,3389313888888890,3780163888888890
1,Australia,Mount Magnet,AUS0000207,19,-28.0871,117.8327,2,Gas,Australian Renewable Energy Mapping Infrastructure,http://services.ga.gov.au/site_3/rest/services/Electricity_Infrastructure/MapServer,Australian Renewable Energy Mapping Infrastructure,46883333333333300,4490833333333330,34497222222222200,4084722222222220,38783333333333300
1,Australia,Mount Stuart,AUS0000165,4230,-19.3380,146.8512,6,Oil,Australian Renewable Energy Mapping Infrastructure,http://services.ga.gov.au/site_3/rest/services/Electricity_Infrastructure/MapServer,Australian Renewable Energy Mapping Infrastructure,5684444444444440,12932222222222200,30820833333333300,5493416666666670,7340777777777780
1,Australia,Mt Piper,AUS0000281,14000,-33.3589,150.0313,5,Coal,Australian Renewable Energy Mapping Infrastructure,http://services.ga.gov.au/site_3/rest/services/Electricity_Infrastructure/MapServer,Australian Renewable Energy Mapping Infrastructure,91110475,943606388888889,6282647222222220,7259195555555560,75576033333333300
1,Australia,Mugga Lane,AUS0000034,35,-35.3953,149.1458,3,Waste,Australian Renewable Energy Mapping Infrastructure,http://services.ga.gov.au/site_3/rest/services/Electricity_Infrastructure/MapServer,Australian Renewable Energy Mapping Infrastructure,2535472222222220,23904166666666700,22063055555555600,22462777777777800,24575277777777800
1,Australia,Mungarra,AUS0000216,1120,-28.8893,115.1177,2,Gas,Australian Renewable Energy Mapping Infrastructure,http://services.ga.gov.au/site_3/rest/services/Electricity_Infrastructure/MapServer,Australian Renewable Energy Mapping Infrastructure,13391166666666700,9800055555555560,9689,18198333333333300,13261944444444400
1,Australia,Neerabup,AUS0000198,3300,-31.6712,115.8021,2,Gas,Australian Renewable Energy Mapping Infrastructure,http://services.ga.gov.au/site_3/rest/services/Electricity_Infrastructure/MapServer,Australian Renewable Energy Mapping Infrastructure,36310833333333300,7847916666666670,12481138888888900,11279555555555600,16624055555555600
1,Australia,Newman Iron Ore Mine,AUS0000199,1700,-23.3443,119.7086,2,Gas,Australian Renewable Energy Mapping Infrastructure,http://services.ga.gov.au/site_3/rest/services/Electricity_Infrastructure/MapServer,Australian Renewable Energy Mapping Infrastructure,5677341666666670,5554222222222220,231335,12198944444444400,1871486111111110
1,Australia,Newport,AUS0000094,5000,-37.8415,144.8942,2,Gas,Australian Renewable Energy Mapping Infrastructure,http://services.ga.gov.au/site_3/rest/services/Electricity_Infrastructure/MapServer,Australian Renewable Energy Mapping Infrastructure,185345,21915694444444400,9524805555555560,33232194444444400,3222108333333330
1,Australia,Norseman Mine,AUS0000320,90,-32.1963,121.7943,6,Oil,Australian Renewable Energy Mapping Infrastructure,http://services.ga.gov.au/site_3/rest/services/Electricity_Infrastructure/MapServer,Australian Renewable Energy Mapping Infrastructure,2785527777777780,1633888888888890,1414611111111110,15068055555555600,8275833333333330
1,Australia,North Brown Hill  Wind Farm,AUS0000024,1323,-33.3093,138.7296,1,Wind,Australian Renewable Energy Mapping Infrastructure,http://services.ga.gov.au/site_3/rest/services/Electricity_Infrastructure/MapServer,Australian Renewable Energy Mapping Infrastructure,4256411111111110,4843258333333330,42880944444444400,4572552777777780,39584
1,Australia,Oakey,AUS0000166,2820,-27.4184,151.6798,2,Gas,Australian Renewable Energy Mapping Infrastructure,http://services.ga.gov.au/site_3/rest/services/Electricity_Infrastructure/MapServer,Australian Renewable Energy Mapping Infrastructure,274475,5774055555555550,4991413888888890,5202791666666670,133205
1,Australia,Oakland Hills Wind Farm,AUS0000016,670,-37.6871,142.5467,1,Wind,Australian Renewable Energy Mapping Infrastructure,http://services.ga.gov.au/site_3/rest/services/Electricity_Infrastructure/MapServer,Australian Renewable Energy Mapping Infrastructure,14974555555555600,1688372222222220,14626083333333300,167865,17018166666666700
1,Australia,Ord River,AUS0000224,300,-16.1201,128.7383,4,Hydro,Australian Renewable Energy Mapping Infrastructure,http://services.ga.gov.au/site_3/rest/services/Electricity_Infrastructure/MapServer,Australian Renewable Energy Mapping Infrastructure,2213347222222220,20543277777777800,20613972222222200,21672222222222200,21262194444444400
1,Australia,Osborne,AUS0000235,1800,-34.7980,138.5079,2,Gas,Australian Renewable Energy Mapping Infrastructure,http://services.ga.gov.au/site_3/rest/services/Electricity_Infrastructure/MapServer,Australian Renewable Energy Mapping Infrastructure,13506038888888900,1455608611111110,0,11840425,9669333333333330
1,Australia,Owen Springs,AUS0000255,360,-23.8636,133.8255,2,Gas,Australian Renewable Energy Mapping Infrastructure,http://services.ga.gov.au/site_3/rest/services/Electricity_Infrastructure/MapServer,Australian Renewable Energy Mapping Infrastructure,6274722222222220,5336611111111110,7960305555555560,9204416666666670,8523277777777780
1,Australia,Pelican Point,AUS0000237,4780,-34.7650,138.5053,2,Gas,Australian Renewable Energy Mapping Infrastructure,http://services.ga.gov.au/site_3/rest/services/Electricity_Infrastructure/MapServer,Australian Renewable Energy Mapping Infrastructure,29899266666666700,18679583333333300,10301158333333300,30440166666666700,12096244444444400
1,Australia,Pine Creek,AUS0000258,3476,-13.7856,131.8624,2,Gas,Australian Renewable Energy Mapping Infrastructure,http://services.ga.gov.au/site_3/rest/services/Electricity_Infrastructure/MapServer,Australian Renewable Energy Mapping Infrastructure,15879777777777800,17306722222222200,18108166666666700,19108055555555600,18101638888888900
1,Australia,Pinjar,AUS0000200,5760,-31.5568,115.8204,2,Gas,Australian Renewable Energy Mapping Infrastructure,http://services.ga.gov.au/site_3/rest/services/Electricity_Infrastructure/MapServer,Australian Renewable Energy Mapping Infrastructure,6273311111111110,44762888888888900,4640411111111110,6104527777777780,5111247222222220
1,Australia,Pinjarra Bauxite Mine and Alumina Refinery,AUS0000201,2800,-32.6473,115.9469,2,Gas,Australian Renewable Energy Mapping Infrastructure,http://services.ga.gov.au/site_3/rest/services/Electricity_Infrastructure/MapServer,Australian Renewable Energy Mapping Infrastructure,13545655555555600,12773963888888900,16390922222222200,2057255833333330,2271889166666670
1,Australia,Poatina,AUS0000121,1000,-41.8116,146.9190,4,Hydro,Australian Renewable Energy Mapping Infrastructure,http://services.ga.gov.au/site_3/rest/services/Electricity_Infrastructure/MapServer,Australian Renewable Energy Mapping Infrastructure,2156905277777780,14688883333333300,1055098611111110,12564541666666700,7540302777777780
1,Australia,Port Lincoln,AUS0000238,735,-34.7003,135.8044,6,Oil,Australian Renewable Energy Mapping Infrastructure,http://services.ga.gov.au/site_3/rest/services/Electricity_Infrastructure/MapServer,Australian Renewable Energy Mapping Infrastructure,13672222222222200,7972222222222220,385,4913888888888890,22116666666666700
1,Australia,Quarantine,AUS0000239,2240,-34.7793,138.5224,2,Gas,Australian Renewable Energy Mapping Infrastructure,http://services.ga.gov.au/site_3/rest/services/Electricity_Infrastructure/MapServer,Australian Renewable Energy Mapping Infrastructure,15019333333333300,23051055555555600,21524666666666700,13515694444444400,26402805555555600
1,Australia,Ravensthorpe,AUS0000202,560,-33.6100,120.3600,6,Oil,Australian Renewable Energy Mapping Infrastructure,http://services.ga.gov.au/site_3/rest/services/Electricity_Infrastructure/MapServer,Australian Renewable Energy Mapping Infrastructure,17144444444444400,41555555555555600,1947222222222220,1075,1388888888888890
1,Australia,Reece,AUS0000141,2380,-41.7238,145.1359,4,Hydro,Australian Renewable Energy Mapping Infrastructure,http://services.ga.gov.au/site_3/rest/services/Electricity_Infrastructure/MapServer,Australian Renewable Energy Mapping Infrastructure,8252922222222220,11351483333333300,9152930555555560,7602041666666670,10313863888888900
1,Australia,Remount,AUS0000115,22,-41.3950,147.1554,3,Waste,Australian Renewable Energy Mapping Infrastructure,http://services.ga.gov.au/site_3/rest/services/Electricity_Infrastructure/MapServer,Australian Renewable Energy Mapping Infrastructure,1428888888888890,13991111111111100,14455277777777800,12288055555555600,12553888888888900
1,Australia,Repulse,AUS0000120,280,-42.5077,146.6470,4,Hydro,Australian Renewable Energy Mapping Infrastructure,http://services.ga.gov.au/site_3/rest/services/Electricity_Infrastructure/MapServer,Australian Renewable Energy Mapping Infrastructure,14140027777777800,16914333333333300,13904333333333300,12653222222222200,14424527777777800
1,Australia,Rochedale,AUS0000073,40,-27.5591,153.1236,3,Waste,Australian Renewable Energy Mapping Infrastructure,http://services.ga.gov.au/site_3/rest/services/Electricity_Infrastructure/MapServer,Australian Renewable Energy Mapping Infrastructure,33918055555555600,34693333333333300,33909444444444400,34435833333333300,35649166666666700
1,Australia,Rockingham,AUS0000358,21,-32.2863,115.8154,3,Waste,Australian Renewable Energy Mapping Infrastructure,http://services.ga.gov.au/site_3/rest/services/Electricity_Infrastructure/MapServer,Australian Renewable Energy Mapping Infrastructure,15523333333333300,1928527777777780,2149,21095277777777800,21183055555555600
1,Australia,Roma,AUS0000147,800,-26.5772,148.8402,2,Gas,Australian Renewable Energy Mapping Infrastructure,http://services.ga.gov.au/site_3/rest/services/Electricity_Infrastructure/MapServer,Australian Renewable Energy Mapping Infrastructure,38221666666666700,6663166666666670,20727444444444400,10924361111111100,4173916666666670
1,Australia,Ron Goodin,AUS0000254,446,-23.7091,133.8912,2,Gas,Australian Renewable Energy Mapping Infrastructure,http://services.ga.gov.au/site_3/rest/services/Electricity_Infrastructure/MapServer,Australian Renewable Energy Mapping Infrastructure,123045,12308305555555600,9304805555555560,8870611111111110,11387805555555600
1,Australia,Rowallan,AUS0000129,105,-41.7295,146.2176,4,Hydro,Australian Renewable Energy Mapping Infrastructure,http://services.ga.gov.au/site_3/rest/services/Electricity_Infrastructure/MapServer,Australian Renewable Energy Mapping Infrastructure,3895527777777780,481825,23586388888888900,29170555555555600,499175
1,Australia,Rubicon,AUS0000095,1355,-37.3272,145.8605,4,Hydro,Australian Renewable Energy Mapping Infrastructure,http://services.ga.gov.au/site_3/rest/services/Electricity_Infrastructure/MapServer,Australian Renewable Energy Mapping Infrastructure,38716944444444400,40664722222222200,4644611111111110,4604472222222220,489375
1,Australia,Shepparton Biogas Generation Plant,AUS0000017,11,-36.3218,145.3790,3,Waste,Australian Renewable Energy Mapping Infrastructure,http://services.ga.gov.au/site_3/rest/services/Electricity_Infrastructure/MapServer,Australian Renewable Energy Mapping Infrastructure,5734444444444440,4840833333333330,4700833333333330,4356944444444440,5606111111111110
1,Australia,Smithfield Energy,AUS0000286,1709,-33.8500,150.9495,2,Gas,Australian Renewable Energy Mapping Infrastructure,http://services.ga.gov.au/site_3/rest/services/Electricity_Infrastructure/MapServer,Australian Renewable Energy Mapping Infrastructure,10010275,9890983333333330,9685383333333330,9709952777777780,9793944444444440
1,Australia,Snowtown North,AUS0000005,1480,-33.7215,138.1471,1,Wind,Australian Renewable Energy Mapping Infrastructure,http://services.ga.gov.au/site_3/rest/services/Electricity_Infrastructure/MapServer,Australian Renewable Energy Mapping Infrastructure,38326666666666700,39783,34157666666666700,3484372222222220,31042555555555600
1,Australia,Snuggery,AUS0000245,630,-37.6646,140.4156,2,Gas,Australian Renewable Energy Mapping Infrastructure,http://services.ga.gov.au/site_3/rest/services/Electricity_Infrastructure/MapServer,Australian Renewable Energy Mapping Infrastructure,30972222222222200,875,375,9858333333333330,31969444444444400
1,Australia,Somerton,AUS0000096,1600,-37.6318,144.9531,2,Gas,Australian Renewable Energy Mapping Infrastructure,http://services.ga.gov.au/site_3/rest/services/Electricity_Infrastructure/MapServer,Australian Renewable Energy Mapping Infrastructure,1620916666666670,11363055555555600,10463611111111100,11646666666666700,2914388888888890
1,Australia,South Cardup (Shale Road Landfill),AUS0000359,33,-32.2664,116.0193,3,Waste,Australian Renewable Energy Mapping Infrastructure,http://services.ga.gov.au/site_3/rest/services/Electricity_Infrastructure/MapServer,Australian Renewable Energy Mapping Infrastructure,2747833333333330,27102222222222200,26139166666666700,279825,25131944444444400
1,Australia,Springvale,AUS0000071,42,-37.9733,145.1396,3,Waste,Australian Renewable Energy Mapping Infrastructure,http://services.ga.gov.au/site_3/rest/services/Electricity_Infrastructure/MapServer,Australian Renewable Energy Mapping Infrastructure,19836666666666700,19435555555555600,16669444444444400,14785833333333300,14281944444444400
1,Australia,Stanwell,AUS0000168,14600,-23.5097,150.3195,5,Coal,Australian Renewable Energy Mapping Infrastructure,http://services.ga.gov.au/site_3/rest/services/Electricity_Infrastructure/MapServer,Australian Renewable Energy Mapping Infrastructure,8216953611111110,8418935555555560,8754479166666670,9089362222222220,9267250277777780
1,Australia,Starfish Hill Wind Farm,AUS0000052,345,-35.5678,138.1432,1,Wind,Australian Renewable Energy Mapping Infrastructure,http://services.ga.gov.au/site_3/rest/services/Electricity_Infrastructure/MapServer,Australian Renewable Energy Mapping Infrastructure,7263138888888890,10010388888888900,9082305555555560,906775,63833888888888900
1,Australia,Studland Bay (Woolnorth) Wind Farm,AUS0000010,750,-40.7788,144.7362,1,Wind,Australian Renewable Energy Mapping Infrastructure,http://services.ga.gov.au/site_3/rest/services/Electricity_Infrastructure/MapServer,Australian Renewable Energy Mapping Infrastructure,26659527777777800,2888222222222220,280075,27126416666666700,26640472222222200
1,Australia,Tahmoor,AUS0000287,70,-34.2482,150.5808,2,Gas,Australian Renewable Energy Mapping Infrastructure,http://services.ga.gov.au/site_3/rest/services/Electricity_Infrastructure/MapServer,Australian Renewable Energy Mapping Infrastructure,29754722222222200,34265277777777800,4645583333333330,3891555555555560,28237222222222200
1,Australia,Tallawarra,AUS0000288,4600,-34.5228,150.8081,2,Gas,Australian Renewable Energy Mapping Infrastructure,http://services.ga.gov.au/site_3/rest/services/Electricity_Infrastructure/MapServer,Australian Renewable Energy Mapping Infrastructure,2840058611111110,3283508611111110,2082391666666670,18660408333333300,8030308333333330
1,Australia,Tamala Park,AUS0000356,465,-31.7078,115.7266,3,Waste,Australian Renewable Energy Mapping Infrastructure,http://services.ga.gov.au/site_3/rest/services/Electricity_Infrastructure/MapServer,Australian Renewable Energy Mapping Infrastructure,36005,3355444444444440,31880555555555600,416,4034444444444440
1,Australia,Tamar Valley,AUS0000138,3900,-41.1401,146.9036,2,Gas,Australian Renewable Energy Mapping Infrastructure,http://services.ga.gov.au/site_3/rest/services/Electricity_Infrastructure/MapServer,Australian Renewable Energy Mapping Infrastructure,16863722222222200,8716247222222220,17671944444444400,7808641666666670,7938358333333330
1,Australia,Tarraleah,AUS0000119,900,-42.3012,146.4572,4,Hydro,Australian Renewable Energy Mapping Infrastructure,http://services.ga.gov.au/site_3/rest/services/Electricity_Infrastructure/MapServer,Australian Renewable Energy Mapping Infrastructure,6231661111111110,5756097222222220,6320111111111110,44832666666666700,5510427777777780
1,Australia,Tennant Creek,AUS0000253,167,-19.6549,134.1753,2,Gas,Australian Renewable Energy Mapping Infrastructure,http://services.ga.gov.au/site_3/rest/services/Electricity_Infrastructure/MapServer,Australian Renewable Energy Mapping Infrastructure,31775277777777800,32055,3032888888888890,3066888888888890,294025
1,Australia,The Drop,AUS0000011,30,-35.6043,145.7837,4,Hydro,Australian Renewable Energy Mapping Infrastructure,http://services.ga.gov.au/site_3/rest/services/Electricity_Infrastructure/MapServer,Australian Renewable Energy Mapping Infrastructure,7658888888888890,6122777777777780,7834722222222220,394,5364444444444440
1,Australia,Toora Wind Farm,AUS0000069,210,-38.6451,146.3441,1,Wind,Australian Renewable Energy Mapping Infrastructure,http://services.ga.gov.au/site_3/rest/services/Electricity_Infrastructure/MapServer,Australian Renewable Energy Mapping Infrastructure,5276916666666670,63594166666666700,5166722222222220,51826388888888900,4951444444444440
1,Australia,Tower Mine,AUS0000291,412,-34.2207,150.7179,2,Gas,Australian Renewable Energy Mapping Infrastructure,http://services.ga.gov.au/site_3/rest/services/Electricity_Infrastructure/MapServer,Australian Renewable Energy Mapping Infrastructure,20952083333333300,24506222222222200,20203527777777800,23503027777777800,26909027777777800
1,Australia,Townsville,AUS0000172,2200,-19.2011,146.6187,2,Gas,Australian Renewable Energy Mapping Infrastructure,http://services.ga.gov.au/site_3/rest/services/Electricity_Infrastructure/MapServer,Australian Renewable Energy Mapping Infrastructure,6056180555555550,27147083333333300,8077194444444440,17480805555555600,5245472222222220
1,Australia,Trevallyn,AUS0000032,800,-41.4226,147.1119,4,Hydro,Australian Renewable Energy Mapping Infrastructure,http://services.ga.gov.au/site_3/rest/services/Electricity_Infrastructure/MapServer,Australian Renewable Energy Mapping Infrastructure,5234597222222220,5361694444444440,3489186111111110,3812763888888890,439575
1,Australia,Tribute,AUS0000128,828,-41.8129,145.6538,4,Hydro,Australian Renewable Energy Mapping Infrastructure,http://services.ga.gov.au/site_3/rest/services/Electricity_Infrastructure/MapServer,Australian Renewable Energy Mapping Infrastructure,19294583333333300,2586025,21901555555555600,18249777777777800,24555916666666700
1,Australia,Tungatinah,AUS0000117,1250,-42.2967,146.4565,4,Hydro,Australian Renewable Energy Mapping Infrastructure,http://services.ga.gov.au/site_3/rest/services/Electricity_Infrastructure/MapServer,Australian Renewable Energy Mapping Infrastructure,5288736111111110,6634572222222220,42520222222222200,5088408333333330,5318688888888890
1,Australia,Upper Lake Margaret,AUS0000133,84,-42.0046,145.5437,4,Hydro,Australian Renewable Energy Mapping Infrastructure,http://services.ga.gov.au/site_3/rest/services/Electricity_Infrastructure/MapServer,Australian Renewable Energy Mapping Infrastructure,3787,264975,4725861111111110,4223083333333330,4812861111111110
1,Australia,Vales Point B,AUS0000295,13600,-33.1607,151.5431,5,Coal,Australian Renewable Energy Mapping Infrastructure,http://services.ga.gov.au/site_3/rest/services/Electricity_Infrastructure/MapServer,Australian Renewable Energy Mapping Infrastructure,7526108333333330,6814325555555550,6936854166666670,7703255277777780,8130714722222220
1,Australia,Valley (Peaking Facility),AUS0000098,3000,-38.2536,146.5892,2,Gas,Australian Renewable Energy Mapping Infrastructure,http://services.ga.gov.au/site_3/rest/services/Electricity_Infrastructure/MapServer,Australian Renewable Energy Mapping Infrastructure,11844722222222200,8896666666666670,5198611111111110,10677777777777800,4109444444444440
1,Australia,Waterloo Wind Farm,AUS0000050,1110,-34.0010,138.9109,1,Wind,Australian Renewable Energy Mapping Infrastructure,http://services.ga.gov.au/site_3/rest/services/Electricity_Infrastructure/MapServer,Australian Renewable Energy Mapping Infrastructure,31421472222222200,3416486111111110,29543916666666700,3066638888888890,30919694444444400
1,Australia,Wattle Point Wind Farm,AUS0000004,9075,-35.1214,137.7166,1,Wind,Australian Renewable Energy Mapping Infrastructure,http://services.ga.gov.au/site_3/rest/services/Electricity_Infrastructure/MapServer,Australian Renewable Energy Mapping Infrastructure,239105,2958497222222220,26043833333333300,2675061111111110,23305305555555600
1,Australia,Waubra Wind Farm,AUS0000019,1920,-37.3575,143.6037,1,Wind,Australian Renewable Energy Mapping Infrastructure,http://services.ga.gov.au/site_3/rest/services/Electricity_Infrastructure/MapServer,Australian Renewable Energy Mapping Infrastructure,6683266666666670,6963836111111110,6838341666666670,6533719444444440,6124169444444440
1,Australia,Wayatinah,AUS0000116,383,-42.4272,146.5347,4,Hydro,Australian Renewable Energy Mapping Infrastructure,http://services.ga.gov.au/site_3/rest/services/Electricity_Infrastructure/MapServer,Australian Renewable Energy Mapping Infrastructure,2546825,25669083333333300,24280805555555600,22200972222222200,23223777777777800
1,Australia,Weddell,AUS0000260,860,-12.5771,130.9502,2,Gas,Australian Renewable Energy Mapping Infrastructure,http://services.ga.gov.au/site_3/rest/services/Electricity_Infrastructure/MapServer,Australian Renewable Energy Mapping Infrastructure,3254352777777780,34568305555555600,43793111111111100,43055805555555600,38006305555555600
1,Australia,West Kiewa (Mount Beauty Hydro Scheme),AUS0000105,620,-36.7601,147.1860,4,Hydro,Australian Renewable Energy Mapping Infrastructure,http://services.ga.gov.au/site_3/rest/services/Electricity_Infrastructure/MapServer,Australian Renewable Energy Mapping Infrastructure,11500138888888900,1073525,11748916666666700,12937666666666700,19799083333333300
1,Australia,Wilmot,AUS0000140,816,-41.4833,146.1251,4,Hydro,Australian Renewable Energy Mapping Infrastructure,http://services.ga.gov.au/site_3/rest/services/Electricity_Infrastructure/MapServer,Australian Renewable Energy Mapping Infrastructure,108175,1424922222222220,11426416666666700,10309472222222200,13322694444444400
1,Australia,Wilpena Solar Farm,AUS0000447,1450,-31.5234,138.6198,13,Solar,Australian Renewable Energy Mapping Infrastructure,http://services.ga.gov.au/site_3/rest/services/Electricity_Infrastructure/MapServer,Australian Renewable Energy Mapping Infrastructure,8477777777777780,8452777777777780,8811111111111110,9563888888888890,9669444444444440
1,Australia,Wiluna,AUS0000384,13,-26.5922,120.2185,6,Oil,Australian Renewable Energy Mapping Infrastructure,http://services.ga.gov.au/site_3/rest/services/Electricity_Infrastructure/MapServer,Australian Renewable Energy Mapping Infrastructure,29452777777777800,27483333333333300,2292222222222220,2506111111111110,23672222222222200
1,Australia,Windy Hill Wind Farm,AUS0000051,120,-17.5922,145.5306,1,Wind,Australian Renewable Energy Mapping Infrastructure,http://services.ga.gov.au/site_3/rest/services/Electricity_Infrastructure/MapServer,Australian Renewable Energy Mapping Infrastructure,29635277777777800,3247638888888890,312425,27285555555555600,2782638888888890
1,Australia,Wingfield I,AUS0000242,50,-34.8348,138.5572,3,Waste,Australian Renewable Energy Mapping Infrastructure,http://services.ga.gov.au/site_3/rest/services/Electricity_Infrastructure/MapServer,Australian Renewable Energy Mapping Infrastructure,18880277777777800,17236666666666700,1609638888888890,14735833333333300,14991388888888900
1,Australia,Wingfield II,AUS0000243,50,-34.8321,138.5489,3,Waste,Australian Renewable Energy Mapping Infrastructure,http://services.ga.gov.au/site_3/rest/services/Electricity_Infrastructure/MapServer,Australian Renewable Energy Mapping Infrastructure,17232777777777800,17976666666666700,16573611111111100,16446666666666700,172575
1,Australia,Wivenhoe Hydroelectric,AUS0000150,5000,-27.3722,152.6320,4,Hydro,Australian Renewable Energy Mapping Infrastructure,http://services.ga.gov.au/site_3/rest/services/Electricity_Infrastructure/MapServer,Australian Renewable Energy Mapping Infrastructure,231975,13744722222222200,2024361111111110,869325,6616972222222220
1,Australia,Wollert,AUS0000067,6738,-37.5830,145.0487,3,Waste,Australian Renewable Energy Mapping Infrastructure,http://services.ga.gov.au/site_3/rest/services/Electricity_Infrastructure/MapServer,Australian Renewable Energy Mapping Infrastructure,4204388888888890,5080777777777780,545825,54785555555555600,550575
1,Australia,Woodlawn Wind Farm,AUS0000028,480,-35.0861,149.5716,1,Wind,Australian Renewable Energy Mapping Infrastructure,http://services.ga.gov.au/site_3/rest/services/Electricity_Infrastructure/MapServer,Australian Renewable Energy Mapping Infrastructure,1498386111111110,15954083333333300,12846416666666700,1515325,14691222222222200
1,Australia,Wyangala A,AUS0000026,200,-33.9810,148.9473,4,Hydro,Australian Renewable Energy Mapping Infrastructure,http://services.ga.gov.au/site_3/rest/services/Electricity_Infrastructure/MapServer,Australian Renewable Energy Mapping Infrastructure,8460638888888890,4245333333333330,3846722222222220,4011333333333330,7096472222222220
1,Australia,Wyndham,AUS0000066,10,-37.9375,144.5902,3,Waste,Australian Renewable Energy Mapping Infrastructure,http://services.ga.gov.au/site_3/rest/services/Electricity_Infrastructure/MapServer,Australian Renewable Energy Mapping Infrastructure,6845,10035,1545,15307222222222200,14794722222222200
1,Australia,Yallourn,AUS0000100,14800,-38.1770,146.3428,5,Coal,Australian Renewable Energy Mapping Infrastructure,http://services.ga.gov.au/site_3/rest/services/Electricity_Infrastructure/MapServer,Australian Renewable Energy Mapping Infrastructure,833688,867868,1125357,1158811,11473837222222200
1,Australia,Yambuk Wind Farm,AUS0000020,300,-38.3079,142.0151,1,Wind,Australian Renewable Energy Mapping Infrastructure,http://services.ga.gov.au/site_3/rest/services/Electricity_Infrastructure/MapServer,Australian Renewable Energy Mapping Infrastructure,902925,9352083333333330,9024083333333330,8581194444444440,867125
1,Australia,Yarrawonga,AUS0000101,90,-36.0094,145.9995,4,Hydro,Australian Renewable Energy Mapping Infrastructure,http://services.ga.gov.au/site_3/rest/services/Electricity_Infrastructure/MapServer,Australian Renewable Energy Mapping Infrastructure,3821611111111110,4422472222222220,5018388888888890,4603527777777780,3144472222222220
1,Australia,Yulara,AUS0000257,1095,-25.2323,130.9912,2,Gas,Australian Renewable Energy Mapping Infrastructure,http://services.ga.gov.au/site_3/rest/services/Electricity_Infrastructure/MapServer,Australian Renewable Energy Mapping Infrastructure,219475,22775,24086111111111100,2304388888888890,19885
